{
  "val": {
    "mae": 4.48237419128418,
    "rmse": 6.652700704695783,
    "r2": 0.9896945357322693
  },
  "test": {
    "mae": 5.445085048675537,
    "rmse": 8.615928412661596,
    "r2": 0.9865622520446777
  }
}